Workbook

Sheet The Worksheet
A1: Course Name | B1: Owning faculty | C1: Course code | D1: Relationship type | E1: Curriculum Item | G1: Description
G2: <p>This course is part of an articulated program made up of the Graduate Certificate in High Performance Sport (<a href="https://handbook.uts.edu.au/courses/c11267.html">C11267</a>), the Graduate Diploma in High Performance Sport (<a href="https://handbook.uts.edu.au/courses/c07130.html">C07130</a>), and the Master of High Performance Sport (<a 4href="https://handbook.uts.edu.au/courses/c04362.html">C04362</a>).</p>
G4: <p>This course is part of an articulated program made up of the Graduate Certificate in High Performance Sport (<a href="https://handbook.uts.edu.au/courses/c11267.html">C11267</a>), the Graduate Diploma in High Performance Sport (<a href="https://handbook.uts.edu.au/courses/c07130.html">C07130</a>), and the Master of High Performance Sport (<a href="https://handbook.uts.edu.au/courses/c04362.html">C04362</a>).</p>
A5: =VLOOKUP('The Worksheet'!C5,Table1[#All],2,FALSE) -> Graduate Diploma in High Performance Sport | B5: =VLOOKUP('The Worksheet'!C5,Table1[#All],3,FALSE) -> J | C5: C07130 | D5: articulated course | E5: C11267 | G5: <p>This course is articulated with the Graduate Certificate in High Performance Sport (<a href="https://handbook.uts.edu.au/courses/c11267.html">C11267</a>).</p>
A6: =VLOOKUP('The Worksheet'!C6,Table1[#All],2,FALSE) -> Graduate Diploma in High Performance Sport | B6: =VLOOKUP('The Worksheet'!C6,Table1[#All],3,FALSE) -> J | C6: C07130 | D6: articulated course | E6: c04362 | G6: <p>This course is articulated with the Master of High Performance Sport (<a href="https://handbook.uts.edu.au/courses/c04362.html">C04362</a>).</p>
A7: =VLOOKUP('The Worksheet'!C7,Table1[#All],2,FALSE) -> Graduate Certificate in High Performance Sport | B7: =VLOOKUP('The Worksheet'!C7,Table1[#All],3,FALSE) -> J | C7: C11267 | D7: articulated course | E7: C07130 | G7: <p>This course is part of an articulated program made up of the Graduate Certificate in High Performance Sport (<a href="https://handbook.uts.edu.au/courses/c11267.html">C11267</a>), the Graduate Diploma in High Performance Sport (<a href="https://handbook.uts.edu.au/courses/c07130.html">C07130</a>), and the Master of High Performance Sport (<a href="https://handbook.uts.edu.au/courses/c04362.html">C04362</a>). </p>
A8: =VLOOKUP('The Worksheet'!C8,Table1[#All],2,FALSE) -> Graduate Certificate in High Performance Sport | B8: =VLOOKUP('The Worksheet'!C8,Table1[#All],3,FALSE) -> J | C8: C11267 | D8: articulated course | E8: c04362 | G8: <p>This course is part of an articulated program made up of the Graduate Certificate in High Performance Sport (<a href="https://handbook.uts.edu.au/courses/c11267.html">C11267</a>), the Graduate Diploma in High Performance Sport (<a href="https://handbook.uts.edu.au/courses/c07130.html">C07130</a>), and the Master of High Performance Sport (<a href="https://handbook.uts.edu.au/courses/c04362.html">C04362</a>).</p>
A9: =VLOOKUP('The Worksheet'!C9,Table1[#All],2,FALSE) -> Master of High Performance Sport | B9: =VLOOKUP('The Worksheet'!C9,Table1[#All],3,FALSE) -> J | C9: c04362 | D9: articulated course | E9: C07130 | G9: <p>This course is part of an articulated program made up of the Graduate Certificate in High Performance Sport (<a href="https://handbook.uts.edu.au/courses/c11267.html">C11267</a>), the Graduate Diploma in High Performance Sport (<a href="https://handbook.uts.edu.au/courses/c07130.html">C07130</a>), and the Master of High Performance Sport (<a href="https://handbook.uts.edu.au/courses/c04362.html">C04362</a>).</p>
A10: =VLOOKUP('The Worksheet'!C10,Table1[#All],2,FALSE) -> Master of High Performance Sport | B10: =VLOOKUP('The Worksheet'!C10,Table1[#All],3,FALSE) -> J | C10: c04362 | D10: articulated course | E10: C11267 | G10: <p>This course is part of an articulated program made up of the Graduate Certificate in High Performance Sport (<a href="https://handbook.uts.edu.au/courses/c11267.html">C11267</a>), the Graduate Diploma in High Performance Sport (<a href="https://handbook.uts.edu.au/courses/c07130.html">C07130</a>), and the Master of High Performance Sport (<a href="https://handbook.uts.edu.au/courses/c04362.html">C04362</a>).</p>
A11: =VLOOKUP('The Worksheet'!C11,Table1[#All],2,FALSE) -> #N/A | B11: =VLOOKUP('The Worksheet'!C11,Table1[#All],3,FALSE) -> #N/A | G11: p>This exit-only course is part of an articulated program comprising the Graduate Certificate in Engineering (<a href="/courses/c11236.html">C11236</a>), the Graduate Diploma in Engineering, the Master of Engineering (<a href="/courses/c04271.html">C04271</a>), the Master of Engineering (Extension) (<a href="/courses/c04277.html">C04277</a>), the Master of Engineering (Advanced) (<a href="/courses/c04278.html">C04278</a>) and the Master of Engineering Master of Engineering Management (<a href="/courses/c04273.html">C04273</a>).</p>
A12: =VLOOKUP('The Worksheet'!C12,Table1[#All],2,FALSE) -> #N/A | B12: =VLOOKUP('The Worksheet'!C12,Table1[#All],3,FALSE) -> #N/A
A13: =VLOOKUP('The Worksheet'!C13,Table1[#All],2,FALSE) -> Graduate Diploma in Engineering | B13: =VLOOKUP('The Worksheet'!C13,Table1[#All],3,FALSE) -> D | C13: C06108 | D13: exit course | E13: C04271 | G13: Graduate diploma In Engineering(C06108) is exit only course for Master of Engineering (<a href="/courses/c04271.html">C04271</a>)
A14: =VLOOKUP('The Worksheet'!C14,Table1[#All],2,FALSE) -> Graduate Diploma in Engineering | B14: =VLOOKUP('The Worksheet'!C14,Table1[#All],3,FALSE) -> D | C14: C06108 | D14: exit course | E14: C04278 | G14: Graduate diploma In Engineering(C06108) is exit only course for Master of Engineering(Advanced) (<a href="/courses/c04278.html">C04278</a>)
A15: =VLOOKUP('The Worksheet'!C15,Table1[#All],2,FALSE) -> Graduate Diploma in Engineering | B15: =VLOOKUP('The Worksheet'!C15,Table1[#All],3,FALSE) -> D | C15: C06108 | D15: exit course | E15: C04277 | G15: ME exten
A16: =VLOOKUP('The Worksheet'!C16,Table1[#All],2,FALSE) -> Graduate Diploma in Engineering | B16: =VLOOKUP('The Worksheet'!C16,Table1[#All],3,FALSE) -> D | C16: C06108 | D16: exit course | E16: c04273 | G16: he Master of Engineering Master of Engineering Management
A17: =VLOOKUP('The Worksheet'!C17,Table1[#All],2,FALSE) -> Graduate Diploma in Engineering | B17: =VLOOKUP('The Worksheet'!C17,Table1[#All],3,FALSE) -> D | C17: C06108 | D17: articulated course | E17: C11236 | G17: Graduate Certificate in Engineering
A18: =VLOOKUP('The Worksheet'!C18,Table1[#All],2,FALSE) -> Graduate Diploma in Engineering | B18: =VLOOKUP('The Worksheet'!C18,Table1[#All],3,FALSE) -> D | C18: C06108 | D18: articulated course | E18: C04278 | G18: ME adv
A19: =VLOOKUP('The Worksheet'!C19,Table1[#All],2,FALSE) -> Graduate Diploma in Engineering | B19: =VLOOKUP('The Worksheet'!C19,Table1[#All],3,FALSE) -> D | C19: C06108 | D19: articulated course | E19: C04277 | G19: ME exten
A20: =VLOOKUP('The Worksheet'!C20,Table1[#All],2,FALSE) -> Graduate Diploma in Engineering | B20: =VLOOKUP('The Worksheet'!C20,Table1[#All],3,FALSE) -> D | C20: C06108 | D20: articulated course | E20: c04273 | G20: he Master of Engineering Master of Engineering Management
A21: =VLOOKUP('The Worksheet'!C21,Table1[#All],2,FALSE) -> Master of Engineering | B21: =VLOOKUP('The Worksheet'!C21,Table1[#All],3,FALSE) -> D | C21: C04271 | D21: articulated course | E21: c11236 | F21: =VLOOKUP(E21,Table1[#All],2,FALSE) -> Graduate Certificate in Engineering | G21: Grad certi
A22: =VLOOKUP('The Worksheet'!C22,Table1[#All],2,FALSE) -> Master of Engineering | B22: =VLOOKUP('The Worksheet'!C22,Table1[#All],3,FALSE) -> D | C22: C04271 | D22: articulated course | E22: C04278 | F22: =VLOOKUP(E22,Table1[#All],2,FALSE) -> Master of Engineering (Advanced) | G22: ME adv
A23: =VLOOKUP('The Worksheet'!C23,Table1[#All],2,FALSE) -> Master of Engineering | B23: =VLOOKUP('The Worksheet'!C23,Table1[#All],3,FALSE) -> D | C23: C04271 | D23: articulated course | E23: C04277 | F23: =VLOOKUP(E23,Table1[#All],2,FALSE) -> Master of Engineering (Extension) | G23: ME exten
A24: =VLOOKUP('The Worksheet'!C24,Table1[#All],2,FALSE) -> Master of Engineering | B24: =VLOOKUP('The Worksheet'!C24,Table1[#All],3,FALSE) -> D | C24: C04271 | D24: articulated course | E24: C06108 | F24: =VLOOKUP(E24,Table1[#All],2,FALSE) -> Graduate Diploma in Engineering | G24: Grad dip
A25: =VLOOKUP('The Worksheet'!C25,Table1[#All],2,FALSE) -> Master of Engineering (Advanced) | B25: =VLOOKUP('The Worksheet'!C25,Table1[#All],3,FALSE) -> D | C25: C04278 | D25: articulated course | E25: C04277 | F25: =VLOOKUP(E25,Table1[#All],2,FALSE) -> Master of Engineering (Extension) | G25: ME exten
A26: =VLOOKUP('The Worksheet'!C26,Table1[#All],2,FALSE) -> Master of Engineering (Advanced) | B26: =VLOOKUP('The Worksheet'!C26,Table1[#All],3,FALSE) -> D | C26: C04278 | D26: articulated course | E26: C06108 | F26: =VLOOKUP(E26,Table1[#All],2,FALSE) -> Graduate Diploma in Engineering | G26: Grad dip
A27: =VLOOKUP('The Worksheet'!C27,Table1[#All],2,FALSE) -> Master of Engineering (Advanced) | B27: =VLOOKUP('The Worksheet'!C27,Table1[#All],3,FALSE) -> D | C27: C04278 | D27: articulated course | E27: c04273 | F27: =VLOOKUP(E27,Table1[#All],2,FALSE) -> Master of Engineering Master of Engineering Management | G27: he Master of Engineering Master of Engineering Management
A28: =VLOOKUP('The Worksheet'!C28,Table1[#All],2,FALSE) -> Master of Engineering (Advanced) | B28: =VLOOKUP('The Worksheet'!C28,Table1[#All],3,FALSE) -> D | C28: C04278 | D28: articulated course | E28: C04271 | F28: =VLOOKUP(E28,Table1[#All],2,FALSE) -> Master of Engineering | G28: Master of Engineering
A29: =VLOOKUP('The Worksheet'!C29,Table1[#All],2,FALSE) -> Master of Engineering (Advanced) | B29: =VLOOKUP('The Worksheet'!C29,Table1[#All],3,FALSE) -> D | C29: C04278 | D29: articulated course | E29: c11236 | F29: =VLOOKUP(E29,Table1[#All],2,FALSE) -> Graduate Certificate in Engineering | G29: Grad certi
A30: =VLOOKUP('The Worksheet'!C30,Table1[#All],2,FALSE) -> Master of Engineering (Extension) | B30: =VLOOKUP('The Worksheet'!C30,Table1[#All],3,FALSE) -> D | C30: C04277 | D30: articulated course | E30: C06108 | F30: =VLOOKUP(E30,Table1[#All],2,FALSE) -> Graduate Diploma in Engineering | G30: Grad dip
A31: =VLOOKUP('The Worksheet'!C31,Table1[#All],2,FALSE) -> Master of Engineering (Extension) | B31: =VLOOKUP('The Worksheet'!C31,Table1[#All],3,FALSE) -> D | C31: C04277 | D31: articulated course | E31: C04271 | F31: =VLOOKUP(E31,Table1[#All],2,FALSE) -> Master of Engineering | G31: Master of Engineering
A32: =VLOOKUP('The Worksheet'!C32,Table1[#All],2,FALSE) -> Master of Engineering (Extension) | B32: =VLOOKUP('The Worksheet'!C32,Table1[#All],3,FALSE) -> D | C32: C04277 | D32: articulated course | E32: c11236 | F32: =VLOOKUP(E32,Table1[#All],2,FALSE) -> Graduate Certificate in Engineering | G32: Grad certi
... A52: =VLOOKUP('The Worksheet'!C52,Table1[#All],2,FALSE) -> Master of Engineering Master of Engineering Management | B52: =VLOOKUP('The Worksheet'!C52,Table1[#All],3,FALSE) -> D | C52: C04273 | D52: articulated course | E52: C04277 | F52: =VLOOKUP(E52,Table1[#All],2,FALSE) -> Master of Engineering (Extension) | G52: <p>This course is part of an articulated program comprising the Graduate Certificate in Engineering (<a href="/courses/c11236.html">C11236</a>), the Graduate Diploma in Engineering (<a href="/courses/c06108.html">C06108</a>), the Master of Engineering (<a href="/courses/c04271.html">C04271</a>), the Master of Engineering (Extension) (<a href="/courses/c04277.html">C04277</a>) and the Master of Engineering Master of Engineering Management.</p>
A53: =VLOOKUP('The Worksheet'!C53,Table1[#All],2,FALSE) -> Master of Engineering Management Master of Business Administration | B53: =VLOOKUP('The Worksheet'!C53,Table1[#All],3,FALSE) -> D | C53: C04274 | D53: articulated course | E53: c06110 | F53: =VLOOKUP(E53,Table1[#All],2,FALSE) -> Graduate Diploma in Engineering Management
A54: =VLOOKUP('The Worksheet'!C54,Table1[#All],2,FALSE) -> Master of Technology | B54: =VLOOKUP('The Worksheet'!C54,Table1[#All],3,FALSE) -> D | C54: C04406 | D54: articulated course | E54: C11301 | F54: =VLOOKUP(E54,Table1[#All],2,FALSE) -> Graduate Certificate in Technology
A55: =VLOOKUP('The Worksheet'!C55,Table1[#All],2,FALSE) -> Master of Technology | B55: =VLOOKUP('The Worksheet'!C55,Table1[#All],3,FALSE) -> D | C55: C04406 | D55: articulated course | E55: C06137 | F55: =VLOOKUP(E55,Table1[#All],2,FALSE) -> Graduate Diploma in Technology
A56: =VLOOKUP('The Worksheet'!C56,Table1[#All],2,FALSE) -> Graduate Certificate in Technology | B56: =VLOOKUP('The Worksheet'!C56,Table1[#All],3,FALSE) -> D | C56: C11301 | D56: articulated course | E56: C06137 | F56: =VLOOKUP(E56,Table1[#All],2,FALSE) -> Graduate Diploma in Technology
A57: =VLOOKUP('The Worksheet'!C57,Table1[#All],2,FALSE) -> Graduate Certificate in Technology | B57: =VLOOKUP('The Worksheet'!C57,Table1[#All],3,FALSE) -> D | C57: C11301 | D57: articulated course | E57: C04406 | F57: =VLOOKUP(E57,Table1[#All],2,FALSE) -> Master of Technology
A58: =VLOOKUP('The Worksheet'!C58,Table1[#All],2,FALSE) -> Graduate Diploma in Technology | B58: =VLOOKUP('The Worksheet'!C58,Table1[#All],3,FALSE) -> D | C58: C06137 | D58: articulated course | E58: C11301 | F58: =VLOOKUP(E58,Table1[#All],2,FALSE) -> Graduate Certificate in Technology
A59: =VLOOKUP('The Worksheet'!C59,Table1[#All],2,FALSE) -> Graduate Diploma in Technology | B59: =VLOOKUP('The Worksheet'!C59,Table1[#All],3,FALSE) -> D | C59: C06137 | D59: articulated course | E59: C04406 | F59: =VLOOKUP(E59,Table1[#All],2,FALSE) -> Master of Technology
A60: =VLOOKUP('The Worksheet'!C60,Table1[#All],2,FALSE) -> Master of Health Services Management | B60: =VLOOKUP('The Worksheet'!C60,Table1[#All],3,FALSE) -> J | C60: C04409 | D60: articulated course | E60: C11304 | F60: =VLOOKUP(E60,Table1[#All],2,FALSE) -> Graduate Certificate in Health Services Management
A61: =VLOOKUP('The Worksheet'!C61,Table1[#All],2,FALSE) -> Graduate Certificate in Health Services Management | B61: =VLOOKUP('The Worksheet'!C61,Table1[#All],3,FALSE) -> J | C61: C11304 | D61: articulated course | E61: C04409 | F61: =VLOOKUP(E61,Table1[#All],2,FALSE) -> Master of Health Services Management
A62: =VLOOKUP('The Worksheet'!C62,Table1[#All],2,FALSE) -> Master of Project Management | B62: =VLOOKUP('The Worksheet'!C62,Table1[#All],3,FALSE) -> A | C62: C04006 | D62: articulated course | E62: C11005 | F62: =VLOOKUP(E62,Table1[#All],2,FALSE) -> Graduate Certificate in Project Management
A63: =VLOOKUP('The Worksheet'!C63,Table1[#All],2,FALSE) -> Master of Project Management | B63: =VLOOKUP('The Worksheet'!C63,Table1[#All],3,FALSE) -> A | C63: C04006 | D63: articulated course | E63: C07004 | F63: =VLOOKUP(E63,Table1[#All],2,FALSE) -> Graduate Diploma in Project Management
A64: =VLOOKUP('The Worksheet'!C64,Table1[#All],2,FALSE) -> Graduate Certificate in Project Management | B64: =VLOOKUP('The Worksheet'!C64,Table1[#All],3,FALSE) -> A | C64: C11005 | D64: articulated course | E64: C04006 | F64: =VLOOKUP(E64,Table1[#All],2,FALSE) -> Master of Project Management
... A74: =VLOOKUP('The Worksheet'!C74,Table1[#All],2,FALSE) -> Graduate Diploma in Business Administration | B74: =VLOOKUP('The Worksheet'!C74,Table1[#All],3,FALSE) -> B | C74: C06009 | D74: articulated course | E74: C04018 | F74: =VLOOKUP(E74,Table1[#All],2,FALSE) -> Master of Business Administration
A75: =VLOOKUP('The Worksheet'!C75,Table1[#All],2,FALSE) -> #N/A | B75: =VLOOKUP('The Worksheet'!C75,Table1[#All],3,FALSE) -> #N/A | F75: =VLOOKUP(E75,Table1[#All],2,FALSE) -> #N/A
A76: =VLOOKUP('The Worksheet'!C76,Table1[#All],2,FALSE) -> #N/A | B76: =VLOOKUP('The Worksheet'!C76,Table1[#All],3,FALSE) -> #N/A | F76: =VLOOKUP(E76,Table1[#All],2,FALSE) -> #N/A
A77: =VLOOKUP('The Worksheet'!C77,Table1[#All],2,FALSE) -> #N/A | B77: =VLOOKUP('The Worksheet'!C77,Table1[#All],3,FALSE) -> #N/A | F77: =VLOOKUP(E77,Table1[#All],2,FALSE) -> #N/A
A78: =VLOOKUP('The Worksheet'!C78,Table1[#All],2,FALSE) -> #N/A | B78: =VLOOKUP('The Worksheet'!C78,Table1[#All],3,FALSE) -> #N/A | F78: =VLOOKUP(E78,Table1[#All],2,FALSE) -> #N/A
A79: =VLOOKUP('The Worksheet'!C79,Table1[#All],2,FALSE) -> #N/A | B79: =VLOOKUP('The Worksheet'!C79,Table1[#All],3,FALSE) -> #N/A | F79: =VLOOKUP(E79,Table1[#All],2,FALSE) -> #N/A
A80: =VLOOKUP('The Worksheet'!C80,Table1[#All],2,FALSE) -> #N/A | B80: =VLOOKUP('The Worksheet'!C80,Table1[#All],3,FALSE) -> #N/A | F80: =VLOOKUP(E80,Table1[#All],2,FALSE) -> #N/A
A81: =VLOOKUP('The Worksheet'!C81,Table1[#All],2,FALSE) -> #N/A | B81: =VLOOKUP('The Worksheet'!C81,Table1[#All],3,FALSE) -> #N/A | F81: =VLOOKUP(E81,Table1[#All],2,FALSE) -> #N/A
A82: =VLOOKUP('The Worksheet'!C82,Table1[#All],2,FALSE) -> #N/A | B82: =VLOOKUP('The Worksheet'!C82,Table1[#All],3,FALSE) -> #N/A | F82: =VLOOKUP(E82,Table1[#All],2,FALSE) -> #N/A
A83: =VLOOKUP('The Worksheet'!C83,Table1[#All],2,FALSE) -> #N/A | B83: =VLOOKUP('The Worksheet'!C83,Table1[#All],3,FALSE) -> #N/A | F83: =VLOOKUP(E83,Table1[#All],2,FALSE) -> #N/A
A84: =VLOOKUP('The Worksheet'!C84,Table1[#All],2,FALSE) -> #N/A | B84: =VLOOKUP('The Worksheet'!C84,Table1[#All],3,FALSE) -> #N/A | F84: =VLOOKUP(E84,Table1[#All],2,FALSE) -> #N/A
A85: =VLOOKUP('The Worksheet'!C85,Table1[#All],2,FALSE) -> #N/A | B85: =VLOOKUP('The Worksheet'!C85,Table1[#All],3,FALSE) -> #N/A | F85: =VLOOKUP(E85,Table1[#All],2,FALSE) -> #N/A
A86: =VLOOKUP('The Worksheet'!C86,Table1[#All],2,FALSE) -> #N/A | B86: =VLOOKUP('The Worksheet'!C86,Table1[#All],3,FALSE) -> #N/A | F86: =VLOOKUP(E86,Table1[#All],2,FALSE) -> #N/A
... A315: =VLOOKUP('The Worksheet'!C315,Table1[#All],2,FALSE) -> #N/A | B315: =VLOOKUP('The Worksheet'!C315,Table1[#All],3,FALSE) -> #N/A | F315: =VLOOKUP(E315,Table1[#All],2,FALSE) -> #N/A

Sheet Ticking Off Sheet
A1: Academic Item | B1: Version Number | C1: Course Name | D1: Owning Faculty | E1: Relationship type | F1: Curriculum Item | G1: Description
A2: 10124 | B2: 2024.01 | E2: Articulated course | F2: 10124 | G2: Description text
A3: C01001 | B3: 2025.01 | C3: Doctor of Letters | D3: P
A4: C01002 | B4: 2025.01 | C4: Doctor of Fine Arts | D4: P
A5: C01003 | B5: 2025.01 | C5: Doctor of Science | D5: P
A6: C01004 | B6: 2025.01 | C6: Doctor of Laws | D6: P
A7: C42003 | B7: 2025.01 | C7: Business Postgraduate Cross - Institution | D7: B
A8: C42004 | B8: 2025.01 | C8: Design PG Cross Institution | D8: AD
A9: C42005 | B9: 2025.01 | C9: Engineering PG Cross-Institution | D9: D
A10: C42013 | B10: 2025.01 | C10: International Studies PG Cross-Institution | D10: G
A11: C50002 | B11: 2025.01 | C11: Non-Award | D11: P
A12: C30010 | B12: 2025.01 | C12: Supplementary Course for Aboriginal Students | D12: PA
A13: C41001 | B13: 2025.01 | C13: Architecture Cross UG Cross-Institution | D13: AA
A14: C41002 | B14: 2025.01 | C14: Building UG Cross-Institution | D14: AB
... A56: C41013 | B56: 2025.01 | C56: Health UG Cross-Institution | D56: J
A57: C06108 | B57: 2025.01 | C57: Graduate Diploma in Engineering | D57: D | G57: <p>This exit-only course is part of an articulated program comprising the Graduate Certificate in Engineering (<a href="/courses/c11236.html">C11236</a>), the Graduate Diploma in Engineering, the Master of Engineering (<a href="/courses/c04271.html">C04271</a>), the Master of Engineering (Extension) (<a href="/courses/c04277.html">C04277</a>), the Master of Engineering (Advanced) (<a href="/courses/c04278.html">C04278</a>) and the Master of Engineering Master of Engineering Management (<a href="/courses/c04273.html">C04273</a>).</p>
A58: C03012 | B58: 2025.01 | C58: Master of Design (Research) | D58: A
A59: C03001 | B59: 2025.01 | C59: Master of Architecture (Research) | D59: A
A60: C03002 | B60: 2025.01 | C60: Master of Built Environment (Research) | D60: A
A61: C30019 | B61: 2025.01 | C61: UTS Foundation Studies (Standard) | D61: SN
A62: C06110 | B62: 2025.01 | C62: Graduate Diploma in Engineering Management | D62: D | G62: <p>This exit-only course is part of an articulated program comprising the Graduate Certificate in Engineering Management (<a href="/courses/c11239.html">C11239</a>), the Gradaute Diploma in Engineering Management, the Master of Engineering Management (<a href="/courses/c04275.html">C04275</a>), the Master of Engineering Master of Engineering Management (<a href="/courses/c04273.html">C04273</a>) and the Master of Engineering Management Master of Business Administration (<a href="/courses/c04274.html">C04274</a>).</p>
A63: C04275 | B63: 2025.01 | C63: Master of Engineering Management | D63: D | G63: <p>This course is part of an articulated program comprising the Graduate Certificate in Engineering Management (<a href="/courses/c11239.html">C11239</a>), the Graduate Diploma in Engineering Management (<a href="/courses/c06110.html">C06110</a>) and the Master of Engineering Management.</p>
A64: C11239 | B64: 2025.01 | C64: Graduate Certificate in Engineering Management | D64: D | G64: <p>This course is part of an articulated program comprising the Graduate Certificate in Engineering Management, the Graduate Diploma in Engineering Management (<a href="/courses/c06110.html">C06110</a>) and the Master of Engineering Management (<a href="/courses/c04275.html">C04275</a>).</p>
A65: C11236 | B65: 2025.01 | C65: Graduate Certificate in Engineering | D65: D | G65: <p>This course is part of an articulated program comprising the Graduate Certificate in Engineering, the Graduate Diploma in Engineering (<a href="/courses/c06108.html">C06108</a>), the Master of Engineering (<a href="/courses/c04271.html">C04271</a>) and the Master of Engineering (Extension) (<a href="/courses/c04277.html">C04277</a>).</p>
A66: C04270 | B66: 2025.01 | C66: Master of Landscape Architecture | D66: A
A67: C11238 | B67: 2025.01 | C67: Graduate Certificate in Engineering Studies | D67: D
A68: C11267 | B68: 2025.01 | C68: Graduate Certificate in High Performance Sport | D68: J | G68: <p>This course is part of an articulated program made up of the Graduate Certificate in High Performance Sport (<a href="https://handbook.uts.edu.au/courses/c11267.html">C11267</a>), the Graduate Diploma in High Performance Sport (<a href="https://handbook.uts.edu.au/courses/c07130.html">C07130</a>), and the Master of High Performance Sport (<a 4href="https://handbook.uts.edu.au/courses/c04362.html">C04362</a>).</p>
A69: C07130 | B69: 2025.01 | C69: Graduate Diploma in High Performance Sport | D69: J | G69: <p>This course is part of an articulated program made up of the Graduate Certificate in High Performance Sport (<a href="https://handbook.uts.edu.au/courses/c11267.html">C11267</a>), the Graduate Diploma in High Performance Sport (<a href="https://handbook.uts.edu.au/courses/c07130.html">C07130</a>), and the Master of High Performance Sport (<a href="https://handbook.uts.edu.au/courses/c04362.html">C04362</a>).</p>
A70: C04273 | B70: 2025.01 | C70: Master of Engineering Master of Engineering Management | D70: D | G70: <p>This course is part of an articulated program comprising the Graduate Certificate in Engineering (<a href="/courses/c11236.html">C11236</a>), the Graduate Diploma in Engineering (<a href="/courses/c06108.html">C06108</a>), the Master of Engineering (<a href="/courses/c04271.html">C04271</a>), the Master of Engineering (Extension) (<a href="/courses/c04277.html">C04277</a>) and the Master of Engineering Master of Engineering Management.</p>
A71: C03032 | B71: 2025.01 | C71: Master of Sustainable Futures (Research) | D71: PF
A72: C11115 | B72: 2025.01 | C72: Graduate Certificate in Diabetes Education and Management | D72: J
A73: C30020 | B73: 2025.01 | C73: UTS Foundation Studies (Extended) | D73: SN
A74: C04271 | B74: 2025.01 | C74: Master of Engineering | D74: D | G74: <p>This course is part of an articulated program comprising the Graduate Certificate in Engineering (<a href="/courses/c11236.html">C11236</a>), the Graduate Diploma in Engineering (<a href="/courses/c06108.html">C06108</a>), the Master of Engineering, the Master of Engineering (Extension) (<a href="/courses/c04277.html">C04277</a>) and the Master of Engineering (Advanced) (<a href="/courses/c04278.html">C04278</a>).</p>
A75: C03024 | B75: 2025.01 | C75: Master of Laws (Research) | D75: L
A76: C03026 | B76: 2025.01 | C76: Master of Science (Research) in Mathematical Sciences | D76: N
A77: C03029 | B77: 2025.01 | C77: Master of Science (Research) | D77: N
A78: C09057 | B78: 2025.01 | C78: Bachelor of Sport and Exercise Science (Honours) | D78: J
A79: C04362 | B79: 2025.01 | C79: Master of High Performance Sport | D79: J | G79: <p>This course is part of an articulated program made up of the Graduate Certificate in High Performance Sport (<a href="https://handbook.uts.edu.au/courses/c11267.html">C11267</a>), the Graduate Diploma in High Performance Sport (<a href="https://handbook.uts.edu.au/courses/c07130.html">C07130</a>), and the Master of High Performance Sport (<a href="https://handbook.uts.edu.au/courses/c04362.html">C04362</a>).</p>
A80: C11247 | B80: 2025.01 | C80: Graduate Certificate in Information Technology Studies | D80: D | G80: <p>This course is part of an articulated program comprising the Graduate Certificate in Information Technology Studies, and the Master of Information Technology (<a href="/courses/c04295.html">C04295</a>).</p>
A81: C41010 | B81: 2025.01 | C81: Communication UG Cross-Institution | D81: G
A82: C42006 | B82: 2025.01 | C82: Communication PG Cross-Institution | D82: G
A83: C30023 | B83: 2025.01 | C83: Jumbunna Unistart | D83: PA
A84: C42017 | B84: 2025.01 | C84: Graduate School of Health PG Cross-Institution | D84: W
A85: C09079 | B85: 2025.01 | C85: Bachelor of Landscape Architecture (Honours) | D85: A
A86: C06109 | B86: 2025.01 | C86: Graduate Diploma in Environmental Engineering Management | D86: D | G86: <p>This exit-only course is part of an articulated program comprising the Graduate Certificate in Environmental Engineering Management (<a href="/courses/c11237.html">C11237</a>), the Graduate Diploma in Environmental Engineering Management and the Master of Environmental Engineering Management (<a href="/courses/c04272.html">C04272</a>).</p>
A87: C10391 | B87: 2025.01 | C87: Bachelor of Forensic Science Bachelor of Laws | D87: L
A88: C09121 | B88: 2025.01 | C88: Bachelor of Forensic Science Bachelor of Laws (Honours) | D88: L
A89: C11237 | B89: 2025.01 | C89: Graduate Certificate in Environmental Engineering Management | D89: D | G89: <p>This course is part of an articulated program comprising the Graduate Certificate in Environmental Engineering Management, the Graduate Diploma in Environmental Engineering Management (<a href="/courses/c06109.html">C06109</a>) and the Master of Environmental Engineering Management (<a href="/courses/c04272.html">C04272</a>).</p>
A90: C04283 | B90: 2025.01 | C90: Master of Engineering Management | D90: D | G90: <p>This course is part of an articulated program comprising the Graduate Certificate in Engineering Management (<a href="/courses/c11266.html">C11266</a>) and the Master of Engineering Management.</p>
A91: C04317 | B91: 2025.01 | C91: Master of Property Development and Project Management | D91: A
A92: C11142 | B92: 2025.01 | C92: Graduate Certificate in Information Technology | D92: D | G92: <p>This course is part of an articulated program comprising the Graduate Certificate in Information Technology, the Graduate Diploma in Information Technology (<a href="/courses/c06113.html">C06113</a>), and the Master of Information Technology (Extension) (<a href="/courses/c04296.html">C04296</a>).</p>
A93: C06113 | B93: 2025.01 | C93: Graduate Diploma in Information Technology | D93: D | G93: <p>This exit-only course is part of an articulated program comprising the Graduate Certificate in Information Technology (<a href="/courses/c11142.html">C11142</a>), the Graduate Diploma in Information Technology, the Master of Information Technology (<a href="/courses/c04295.html">C04295</a>), the Master of Information Technology (Extension) (<a href="/courses/c04296.html">C04296</a>), and the Master of Information Technology (Advanced) (<a href="/courses/c04297.html">C04297</a>).</p>
A94: C04320 | B94: 2025.01 | C94: Juris Doctor Graduate Certificate in Professional Legal Practice | D94: L | G94: <p>Students who successfully complete the JD Accelerate (Juris Doctor Graduate Certificate in Professional Legal Practice) at UTS and have completed Master of Laws (<a href="/courses/c04143.html">C04143</a>) equivalent subjects within the JD Accelerate (Juris Doctor Graduate Certificate in Professional Legal Practice) may apply for these subjects to be credited towards the Master of Laws (<a href="/courses/c04143.html">C04143</a>).</p>
A95: C04272 | B95: 2025.01 | C95: Master of Environmental Engineering Management | D95: D | G95: <p>This course is part of an articulated program comprising the Graduate Certificate in Environmental Engineering Management (<a href="/courses/c11237.html">C11237</a>), the Graduate Diploma in Environmental Engineering Management (<a href="/courses/c06109.html">C06109</a>) and the Master of Environmental Engineering Management.</p>
A96: C04143 | B96: 2025.01 | C96: Master of Laws | D96: L | G96: <p>Subjects undertaken within the Graduate Certificate in Laws (<a href="/courses/c11265.html">C11265</a>) are recognised within the Master of Laws. Students enrolled in the graduate certificate may apply to internally transfer to the master&#39;s program following successful completion of four core subjects. Candidates are not awarded the graduate certificate but subjects undertaken are applied towards the master&#39;s.</p>
A97: C06122 | B97: 2025.01 | C97: Graduate Diploma in Migration Law and Practice | D97: L
A98: C04007 | B98: 2025.01 | C98: Master of Planning | D98: A | G98: <p>This course is part of an articulated program comprising the Graduate Certificate in Planning (<a href="/courses/c11270.html">C11270</a>), the Graduate Diploma in Planning (<a href="/courses/c07002.html">C07002</a>) and the Master of Planning.</p>
A99: C09098 | B99: 2025.01 | C99: Bachelor of Laws (Honours) Bachelor of Creative Intelligence and Innovation | D99: L
A100: C09055 | B100: 2025.01 | C100: Bachelor of Design (Honours) in Interior Architecture | D100: A
A101: C06123 | B101: 2025.01 | C101: Graduate Diploma in Interaction Design | D101: D
A102: C04364 | B102: 2025.01 | C102: Juris Doctor Graduate Certificate in Trade Mark Law and Practice | D102: L
A103: C04363 | B103: 2025.01 | C103: Juris Doctor Master of Intellectual Property | D103: L
A104: C10394 | B104: 2025.01 | C104: Bachelor of Creative Intelligence and Innovation | D104: C
A105: C11265 | B105: 2025.01 | C105: Graduate Certificate in Laws | D105: L
A106: C04295 | B106: 2025.01 | C106: Master of Information Technology | D106: D | G106: <p>This course is part of an articulated program comprising the Graduate Certificate in Information Technology Studies (<a href="/courses/c11247.html">C11247</a>), the Graduate Diploma in Information Technology (<a href="/courses/c06113.html">C06113</a>), the Master of Information Technology, and the Master of Information Technology (Extension) (<a href="/courses/c04296.html">C04296</a>).</p>
A107: C11260 | B107: 2025.01 | C107: Graduate Certificate in Applied Human Studies | D107: W
A108: C11276 | B108: 2025.01 | C108: Graduate Certificate in Construction Management | D108: A
A109: C06126 | B109: 2025.01 | C109: Graduate Diploma in Construction Management | D109: A
A110: C10322 | B110: 2025.01 | C110: Bachelor of Design in Interior Architecture Bachelor of Creative Intelligence and Innovation | D110: A
A111: C04296 | B111: 2025.01 | C111: Master of Information Technology (Extension) | D111: D | G111: <p>This course is part of an articulated program comprising the Graduate Certificate in Information Technology (<a href="/courses/c11142.html">C11142</a>), the Graduate Diploma in Information Technology (<a href="/courses/c06113.html">C06113</a>), the Master of Information Technology (<a href="/courses/c04295.html">C04295</a>), the Master of Information Technology (Extension), and the Master of Information Technology (Advanced) (<a href="/courses/c04297.html">C04297</a>).</p>
A112: C04297 | B112: 2025.01 | C112: Master of Information Technology (Advanced) | D112: D | G112: <p>This course is part of an articulated program comprising the Master of Information Technology (Extension) (<a href="/courses/c04296.html">C04296</a>) and the Master of Information Technology (Advanced).</p>
A113: C10271 | B113: 2025.01 | C113: Bachelor of Design in Interior Architecture | D113: A
A114: C04008 | B114: 2025.01 | C114: Master of Property Development | D114: A | G114: <p>This course is part of an articulated program comprising the Graduate Certificate in Property Development (<a href="/courses/c11271.html">C11271</a>), the Graduate Diploma in Property Development (<a href="/courses/c06006.html">C06006</a>) and the Master of Property Development. </p>
A115: C06006 | B115: 2025.01 | C115: Graduate Diploma in Property Development | D115: A | G115: <p>This course is part of an articulated program comprising the Graduate Certificate in Property Development (<a href="/courses/c11271.html">C11271</a>), the Graduate Diploma in Property Development and the Master of Property Development (<a href="/courses/c04008.html">C04008</a>).</p>
A116: C04365 | B116: 2025.01 | C116: Master of Palliative Care | D116: J
A117: C10393 | B117: 2025.01 | C117: Bachelor of Arts in International Studies | D117: G
A118: C10338 | B118: 2025.01 | C118: Bachelor of Laws Bachelor of Creative Intelligence and Innovation | D118: L
A119: C11264 | B119: 2025.01 | C119: Graduate Certificate in Legal Studies | D119: L | G119: <p>Subjects undertaken within the Graduate Certificate in Legal Studies are recognised within the Graduate Diploma in Legal Studies (<a href="/courses/c07122.html">C07122</a>), Master of Legal Studies (<a href="/courses/c04264.html">C04264</a>) and the Juris Doctor (<a href="/courses/c04236.html">C04236</a>). Students enrolled in the graduate certificate may apply to internally transfer to the graduate diploma. Candidates are not awarded the graduate certificate but subjects undertaken are applied towards the graduate diploma.</p> <p>Students who successfully complete three core subjects in the Graduate Certificate in Legal Studies may apply to internally transfer to the Juris Doctor (<a href="/courses/c04236.html">C04236</a>). Candidates are not awarded the graduate certificate, but completed subjects are applied towards the Juris Doctor.</p>
A120: C11268 | B120: 2025.01 | C120: Graduate Certificate in Palliative Care | D120: J | G120: <p>This course articulates with the Graduate Diploma in Palliative Care (<a href="https://handbook.uts.edu.au/courses/c07131.html">C07131</a>) and the Master of Palliative Care (<a href="https://handbook.uts.edu.au/courses/c04365.html">C04365</a>).</p>
A121: C07131 | B121: 2025.01 | C121: Graduate Diploma in Palliative Care | D121: J | G121: <p>This course is part of an articulated program made up of the Graduate Certificate in Palliative Care (<a href="https://handbook.uts.edu.au/courses/c11268.html">C11268</a>), the Graduate Diploma in Palliative Care, and the Master of Palliative Care (<a href="https://handbook.uts.edu.au/courses/c04365.html">C04365</a>).</p>
A122: C11272 | B122: 2025.01 | C122: Graduate Certificate in Interaction Design | D122: D | G122: <p>This course is part of an articulated program comprising the Graduate Certificate in Interaction Design, the Graduate Diploma in Interaction Design (<a href="/courses/c06123.html">C06123</a>), the Master of Interaction Design (<a href="/courses/c04222.html">C04222</a>), and the Master of Interaction Design (Extension) (<a href="/courses/c04234.html">C04234</a>).</p> <p>Students who wish to articulate from this course to either of the master&#39;s courses are typically eligible for 24 credit points of recognition of prior learning.</p>
A123: C10328 | B123: 2025.01 | C123: Bachelor of Sport and Exercise Science Bachelor of Creative Intelligence and Innovation | D123: J
A124: C06118 | B124: 2025.01 | C124: Graduate Diploma in Applied Human Studies | D124: W
A125: C10389 | B125: 2025.01 | C125: Bachelor of Forensic Science Bachelor of Creative Intelligence and Innovation | D125: N
A126: C04252 | B126: 2025.01 | C126: Master of Pharmacy | D126: W
A127: C11329 | B127: 2025.01 | C127: Graduate Certificate in Health Analytics | D127: J
A128: C04393 | B128: 2025.01 | C128: Master of Philosophy in Forensic Science | D128: N
A129: C06127 | B129: 2025.01 | C129: Graduate Diploma in Genetic Counselling | D129: W
A130: C04222 | B130: 2025.01 | C130: Master of Interaction Design | D130: D | G130: <p>This course is part of an articulated program comprising the Graduate Certificate in Interaction Design (<a href="/courses/c11272.html">C11272</a>), the Graduate Diploma in Interaction Design (<a href="/courses/c06123.html">C06123</a>), the Master of Interaction Design, and the Master of Interaction Design (Extension) (<a href="/courses/c04234.html">C04234</a>).</p>
A131: C04234 | B131: 2025.01 | C131: Master of Interaction Design (Extension) | D131: D | G131: <p>This course is part of an articulated program comprising the Graduate Certificate in Interaction Design (<a href="/courses/c11272.html">C11272</a>), the Graduate Diploma in Interaction Design (<a href="/courses/c06123.html">C06123</a>), the Master of Interaction Design (<a href="/courses/c04222.html">C04222</a>), and the Master of Interaction Design (Extension).</p>
A132: C11266 | B132: 2025.01 | C132: Graduate Certificate in Engineering Management | D132: D | G132: <p>This course is part of an articulated program comprising the Graduate Certificate in Engineering Management and the Master of Engineering Management (<a href="/courses/c04283.html">C04283</a>).</p>
A133: C10004 | B133: 2025.01 | C133: Bachelor of Design in Architecture | D133: A
A134: C10325 | B134: 2025.01 | C134: Bachelor of Design in Architecture Bachelor of Creative Intelligence and Innovation | D134: A
A135: C03063 | B135: 2025.01 | C135: Master of Transdisciplinary Innovation (Research) | D135: C
A136: C11277 | B136: 2025.01 | C136: Graduate Certificate in Genetic Counselling | D136: W
A137: C11287 | B137: 2025.01 | C137: Graduate Certificate in Forensic Science | D137: N | G137: <p>Students who have completed the Graduate Certificate in Forensic Science can transfer into Graduate Diploma in Forensic Science (<a href="/courses/c07137.html">C07137</a>), Master of Forensic Science (<a href="/courses/c04391.html">C04391</a>), or Master of Forensic Science (Extension) (<a href="/courses/c04392.html">C04392</a>) and receive full recognition of prior learning for the completed course.</p>
A138: C42018 | B138: 2025.01 | C138: FTDI Postgraduate Cross-Institution | D138: C
A139: C07137 | B139: 2025.01 | C139: Graduate Diploma in Forensic Science | D139: N | G139: <p>Students who complete the Graduate Diploma in Forensic Science can transfer into the Master of Forensic Science (<a href="/courses/c04391.html">C04391</a>), or Master of Forensic Science (Extension) (<a href="/courses/c04392.html">C04392</a>) and receive recognition of prior learning for the completed course.</p>
A140: C03061 | B140: 2025.01 | C140: Master of Genetic Counselling (Research) | D140: W
A141: C06129 | B141: 2025.01 | C141: Graduate Diploma in Strategic Communication | D141: G | G141: <p>This course is part of an articulated program with the Master of Strategic Communication (<a href="/courses/c04385.html">C04385</a>).</p> <p>Applicants wanting to transfer to the Master of Strategic Communication must have successfully completed at least three subjects in the Strategic Communication postgraduate program.</p>
...

Sheet Vlookup- Do not delete
A1: Course Code | B1: Course Name | C1: Owning Faculty
A2: C01001 | B2: Doctor of Letters | C2: P
A3: C01002 | B3: Doctor of Fine Arts | C3: P
A4: C01003 | B4: Doctor of Science | C4: P
A5: C01004 | B5: Doctor of Laws | C5: P
A6: C42003 | B6: Business Postgraduate Cross - Institution | C6: B
A7: C42004 | B7: Design PG Cross Institution | C7: AD
A8: C42005 | B8: Engineering PG Cross-Institution | C8: D
A9: C42013 | B9: International Studies PG Cross-Institution | C9: G
A10: C50002 | B10: Non-Award | C10: P
A11: C30010 | B11: Supplementary Course for Aboriginal Students | C11: PA
A12: C41001 | B12: Architecture Cross UG Cross-Institution | C12: AA
... A668: C09089 | B668: Bachelor of Communication (Writing and Publishing) Bachelor of Laws (Honours) | C668: L
